{
  "Global Quote": {
    "01. symbol": "String",
    "02. open": 0.01910974659422915,
    "03. high": 0.42820661840477103,
    "04. low": 0.5153380532712486,
    "05. price": 0.8143440773918538,
    "06. volume": 0.9169877437715792,
    "07. latest trading day": "2019-06-12",
    "08. previous close": 0.06614353235950432,
    "09. change": 0.7442220769959711,
    "10. change percent": "String"
  }
}